{"cameraMode":{"drawMode":0,"name":"Shaded","section":"Shading Mode"},"sceneLighting":true,"audioPlay":false,"sceneViewState":{"m_AlwaysRefresh":false,"showFog":true,"showSkybox":true,"showFlares":true,"showImageEffects":true,"showParticleSystems":true,"showVisualEffectGraphs":true,"m_FxEnabled":true},"in2DMode":false,"pivot":{"x":-2.432796001434326,"y":5.628177165985107,"z":10.135111808776856},"rotation":{"x":0.0933937057852745,"y":0.04241025820374489,"z":-0.0039259204640984539,"w":0.9948605895042419},"size":7.555414199829102,"orthographic":true}